<?xml version="1.0" encoding="utf-8"?>
<languages>
  <language name="lge_joinus" text="Phát hành thương tổ" />
	<language name="lge_startgame" text="Bắt đầu trò chơi" />
	<language name="lge_continue_game" text="Tiếp tục trò chơi" />
	<language name="lge_load" text="Đọc đến lưu trữ" />
	<language name="lge_setting" text="Thiết trí" />
	<language name="lge_exit" text="Rời khỏi trò chơi" />
	<language name="lge_normal" text="Đơn giản" />
	<language name="lge_hard" text="Khó khăn" />
	<language name="lge_autosave" text="Tự động bảo tồn" />
	<language name="lge_difficulty" text="Trò chơi độ khó" />
	<language name="lge_gamelength" text="Trò chơi lúc dài" />
	<language name="lge_time" text="Thời gian" />
	<language name="lge_target" text="Mục tiêu" />
	<language name="lge_win" text="Chúc mừng" />
	<language name="lge_defeat" text="Thất bại" />
	<language name="lge_continue" text="Cửa ải tiếp theo" />
	<language name="lge_screenmode" text="Hình tượng hình thức" />
	<language name="lge_music" text="Âm nhạc âm lượng" />
	<language name="lge_sound" text="Âm thanh âm lượng" />
<language name="lge_screen_size" text="Nhận thức" />
<language name="lge_language" text="Ngôn ngữ lựa chọn" />
<language name="lge_window" text="Cửa sổ" />
<language name="lge_full_screen" text="Full screen" />
	<language name="lge_language_cur" text="繁體中文" />
<language name="lge_apply" text="Áp dụng" />
<language name="lge_back" text="Trở về" />
<language name="lge_help" text="Trợ giúp" />
<language name="lge_skip" text="Nhảy qua" />
<language name="lge_shot" text="Screenshots" />
<language name="lge_yes" text="Xác nhận" />
<language name="lge_no" text="Hủy bỏ" />
<language name="lge_resetarchive" text="Thiết lập lại cửa ải?" />
<language name="lge_deletearchive" text="Xóa bỏ phần này lưu trữ" />
<language name="lge_hours" text="Giờ" />
<language name="lge_minutes" text="Phút" />
<language name="lge_play_time" text="Trò chơi thời gian" />
<language name="lge_normal_ps" text="Nên độ khó áp dụng với chưa có tiếp xúc qua gấp giấy cùng muốn nhanh chóng thông quan người chơi" />
<language name="lge_hard_ps" text="Nên độ khó áp dụng với muốn khiêu chiến độ khó cao hơn gấp giấy người chơi" />
<language name="lge_main_album" text="Album ảnh" />
<language name="lge_level_title" text="Cửa ải" />
<language name="lge_page_right" text="Cửa ải tiếp theo" />
<language name="lge_page_left" text="Bên trên một quan" />
<language name="lge_level_start" text="Bắt đầu" />
<language name="lge_level_restart" text="Thử lại" />
<language name="lge_level_continue" text="Tiếp tục" />
<language name="lge_level_locked" text="Chưa giải khóa" />
<language name="lge_Reset" text="Thiết lập lại" />
<language name="lge_Stege_Selection" text="Cửa ải lựa chọn" />
<language name="lge_Voice_Volume" text="Giọng nói âm lượng" />
<language name="lge_Voice_Language" text="Giọng nói ngôn ngữ" />
<language name="lge_Voice_On" text="Mở ra giọng nói" />
<language name="lge_Voice_Off" text="Quan bế giọng nói" />
<language name="lge_main_thanks" text="Tạ ơn" />
<language name="lge_ThanksPanel_title" text="Đặc biệt cảm tạ" />
<language name="lge_ThanksPanel_thanks" text="Tranh minh hoạ sư o-yatsu" />
<language name="Help_operation" text="Thao tác" />
<language name="Help_cross" text="Thập Tự Giá" />
<language name="Help_fan" text="Quạt" />
<language name="Help_pliers" text="Răng cưa kìm" />
<language name="Help_rocket" text="Hỏa tiễn" />
<language name="Help_moon" text="Mặt trăng" />
<language name="Help_sun" text="Mặt trời" />
<language name="Detail_operation" text="Đè xuống phím cách liền có thể nhảy vọt, duy trì tiểu ác ma độ cao, không nên đụng bên trên chướng ngại vật, liền có thể thông quan." />
<language name="Detail_cross" text="Xoay tròn chướng ngại vật, có Thập Tự Giá hình dạng." />
<language name="Detail_fan" text="Hô hô thổi quạt, có thể đem tiểu ác ma thúc đẩy một khoảng cách." />
<language name="Detail_pliers" text="Sẽ tự động duỗi ra răng cưa kìm, không được đụng đến a." />
<language name="Detail_rocket" text="Có thể cố định một đoạn quỹ tích, đồng thời cho tiểu ác ma trong một khoảng thời gian gia tốc." />
<language name="Detail_moon" text="Quan bế một bộ phận tầm mắt, toàn bộ thế giới đều sẽ trở nên hắc ám." />
<language name="Detail_sun" text="Thần nói, phải có ánh sáng, ăn hết nó có thể khôi phục quang minh." />
  <language name="lge_Choose_Name_Rabbit" text="Thỏ thỏ" />
  <language name="lge_Choose_Name_Tiger" text="Hổ Nữu" />
  <language name="lge_Choose_Description_Rabbit" text="Linh hoạt nhảy vọt năng lực là thỏ thỏ ưu thế lớn nhất, ngoài ra nàng còn có rất nhiều ưu điểm, tỉ như: Đáng yêu, gợi cảm, mỹ lệ, yêu ảo tưởng, có lòng hiếu kỳ mãnh liệt, tràn ngập sức sống vân vân, đương nhiên những này đối sắp lựa chọn nàng đến vượt qua bình đài chướng ngại ngươi không có chút nào trợ giúp, chí ít tại ngươi hoàn thành khiêu chiến trước không có chút nào trợ giúp." />
  <language name="lge_Choose_Description_Tiger" text="Thường xuyên kiện thân rèn luyện Hổ Nữu có thể leo lên vách tường, đương nhiên cũng có rất nhiều ưu điểm, tỉ như: Nhanh chóng phục sinh, nhiều cái ghi chép điểm, tử vong tính toán, nhảy qua cửa ải vân vân, nhưng mà những này ưu điểm đối với sắp lựa chọn nàng để hoàn thành khiêu chiến ngươi tới nói, cùng thỏ thỏ cũng không có cái gì hai loại, chí ít tại ngươi hoàn thành trước không cũng không khác biệt gì." />
  <language name="lge_Game_Choose_Star" text="Sắp lấy nên nhân vật bắt đầu trò chơi?" />
  <language name="lge_Unlock_Album_Tips" text="Tốn hao *{0}&lt;sprite=0&gt; Giải tỏa nên hình ảnh" />
  <language name="lge_Unlock_Role_Tips" text="Tốn hao *{0}&lt;sprite=0&gt; Giải tỏa nên nhân vật" />
  <language name="lge_Unlock_Failure" text="{0}&lt;sprite=0&gt; Số lượng không đủ" />
  <language name="lge_Unlocked_Successfully" text="Giải tỏa thành công" />
  <language name="lge_Game_Choose_Star_Tips" text="( Xác nhận sau như ngài hi vọng sử dụng cái khác nhân vật lúc, thì cần sử dụng &lt;sprite=0&gt; Giải tỏa )" />
  <language name="lge_Game_Choose_Endpoint" text="Điểm cuối cùng chỉ dẫn" />
  <language name="lge_Game_Choose_On" text="Mở ra" />
  <language name="lge_Game_Choose_Off" text="Quan bế" />
 
  <language name="lge_joinus_game" text="Trò chơi tổ" />
  <language name="lge_Death_Num" text="Đã tử vong: {0}" />
  <language name="lge_exit_to_main_menu" text="Trở về chủ giao diện" />
  <language name="lge_exit_to_LevelMap" text="Nhân vật lựa chọn giao diện" />
  <language name="lge_game_instruction_E" text="Theo [E] Tiếp tục" />
<language name="lge_game_instruction_1" text="Trọng yếu nguyên tố" />
<language name="lge_game_instruction_1_1" text="Chỉ thị điểm cuối cùng phương hướng" />
<language name="lge_game_instruction_1_2" text="Điểm cuối cùng, đến nơi đây liền có thể hoàn thành cửa ải." />
<language name="lge_game_instruction_1_3" text="Lưu trữ điểm, đến nơi đây sau mỗi lần trùng sinh đều sẽ đều sẽ lấy nên ra làm điểm xuất phát." />
<language name="lge_game_instruction_1_4" text="Một viên chìa khoá, thu thập sau có thể dùng với giải tỏa album ảnh hoặc là cái khác nhân vật." />
<language name="lge_game_instruction_2" text="Trí mạng địa hình" />
<language name="lge_game_instruction_2_1" text="Đừng đụng, gặp nguy hiểm ( Tuyệt đại đa số thời điểm sẽ chết )." />
<language name="lge_game_instruction_2_2" text="Đừng đụng, gặp nguy hiểm ( Tuyệt đại đa số thời điểm sẽ chết )." />
<language name="lge_game_instruction_2_3" text="" />
<language name="lge_game_instruction_2_4" text="" />
<language name="lge_game_instruction_3" text="Đặc thù địa hình" />
<language name="lge_game_instruction_3_1" text="Nơi đó khối lấy bất luận cái gì hình thức tiếp xúc sau sẽ nhanh chóng biến mất đồng thời tại lần này trong cuộc sống sẽ không lại lần xuất hiện." />
<language name="lge_game_instruction_3_2" text="Nên khu vực sẽ giảm xuống nhân vật tốc độ di chuyển" />
<language name="lge_game_instruction_3_3" text="Nên khu vực sẽ tăng lên nhân vật tốc độ di chuyển" />
<language name="lge_game_instruction_3_4" text="Cải biến đối ứng môn mở / Quan trạng thái" />
<language name="CG1_prop1_fire" text="A —— Quan nhân ~ Mời quan nhân chậm một chút" />
<language name="CG1_prop2_fire" text="Ân ~ Thật lãng phí a, quan nhân tinh dịch đều ở bên ngoài" />
<language name="CG1_mml_1" text="Quan nhân thật là hư, như thế thích thiếp ngực sao ~" />
<language name="CG1_mml_2" text="Đụng nơi này, thiếp lại muốn, a ——" />
<language name="CG1_talk_1" text="Ô, quan nhân đừng bảo là như thế dọa người" />
<language name="CG1_talk_2" text="Cái này... Còn không phải bởi vì quan nhân thích, thiếp mới có thể chuyên môn mua thêm một chút" />
<language name="CG2_prop1_fire" text="Quan nhân, thiếp đứng muốn không vững, cầu quan nhân liền tha thiếp đi" />
<language name="CG2_prop2_fire" text="A ~ Đừng đi ra ngoài mà, thiếp sẽ trở nên.. Tốt trống rỗng" />
<language name="CG2_mml_1" text="Ân ~ Muốn hay không hôn hôn bọn chúng ~" />
<language name="CG2_mml_2" text="A —— Quan nhân dọa thiếp nhảy một cái, tay có chút lạnh" />
<language name="CG2_talk_1" text="Quan nhân thế nào còn có rảnh rỗi làm thơ, xem ra là thiếp không đúng?" />
<language name="CG2_talk_2" text="Ngô cảm giác nói không rõ đâu, cùng quan nhân mỗi một lần đều là chưa từng có thể nghiệm qua cảm giác" />
<language name="CG3_prop1_fire" text="Ân a ~ Ân ~ Quan nhân thật tuyệt, thế nào sẽ như thế lợi hại a ——" />
<language name="CG3_prop2_fire" text="Quan nhân.. Thiếp cũng muốn thử một chút ngẫu nhiên ở bên trong cảm giác" />
<language name="CG3_mml_1" text="Ân ~ Nhiều sờ sờ nơi này mà, bọn chúng cũng rất muốn niệm quan nhân" />
<language name="CG3_mml_2" text="Vò nơi này.. Trong cảm giác lại là vắng vẻ" />
<language name="CG3_talk_1" text="Hừ —— Rõ ràng quan nhân tại thiếp bên trong đều không nỡ đi ra ~" />
<language name="CG3_talk_2" text="Quan nhân thanh âm, còn muốn biểu lộ, thiếp đều nghĩ toàn bộ ghi ở trong lòng" />
<language name="CG4_prop1_fire" text="A —— A —— Ta không thích.. Dạng này... Đầu óc trở nên rỗng tuếch cảm giác" />
<language name="CG4_mml_1" text="Công tử lại tại sờ loạn chỗ đó a ~" />
<language name="CG4_mml_2" text="Ân ~ Dạng này còn thật thoải mái, nặng hơn nữa một điểm" />
<language name="CG4_mml_3" text="Ngô —— Đột nhiên sờ cái này... Nơi này.. Ngươi thật giống như hiểu rất rõ ta thích lắm ~" />
<language name="CG4_talk_1" text="Nô gia nơi nào có, công tử nghe lầm thôi" />
<language name="CG4_talk_2" text="Da mặt dày, công tử thích liền tốt, nô gia cũng không tiện lại đòi về" />
<language name="CG5_prop1_fire" text="A! Lại muốn bị quan nhân làm thành.. Rối tinh rối mù dáng vẻ" />
<language name="CG5_mml_1" text="Ân —— Ngươi cũng cảm thấy bọn chúng lớn sao?" />
<language name="CG5_mml_2" text="Ân ~ A ~ Quan nhân giống như rất thích thiếp chân đâu ~" />
<language name="CG5_mml_3" text="A, điểm nhẹ, làm thiếp bên trong loạn thất bát tao" />
<language name="CG5_talk_1" text="Không có việc gì không có việc gì, thiếp còn có rất nhiều, quan nhân không cần tự trách" />
<language name="CG5_talk_2" text="Nơi này quá lạnh, chờ trở lại trên giường lại nói cho quan nhân ~" />
<language name="CG6_prop1_fire" text="A —— Không chịu nổi, công tử khỏe, tốt" />
<language name="CG6_prop2_fire" text="Ân ~ Công tử, liền không có chút nào nguyện ý lưu cho nô gia sao?" />
<language name="CG6_mml_1" text="Ân a ~ Đừng, đừng buông ra, tiếp tục ——" />
<language name="CG6_mml_2" text="Thế nào, nô gia trên mặt có dính cái gì đồ vật sao?" />
<language name="CG6_talk_1" text="Công tử Thiên Thiên đi ra ngoài bên ngoài, tự nhiên sẽ rám đen một chút" />
<language name="CG6_talk_2" text="Nô gia xác thực thích, vậy liền sớm cám ơn công tử" />
<language name="CG7_prop1_fire" text="A —— Công tử nhẹ, nhẹ một chút, nô gia muốn.. Đi" />
<language name="CG7_prop2_fire" text="A ~ Ân ~ Lại muốn cao trào, ngẫu nhiên nô gia cũng muốn thử một chút bắn tại bên trong cảm giác đâu" />
<language name="CG7_mml_1" text="Là có chút thích bị sờ nơi này, kia công tử liền nhiều sờ sờ đi" />
<language name="CG7_mml_2" text="Thật ngứa, công tử đang làm gì sao đâu ~" />
<language name="CG7_mml_3" text="A, công tử lại đập nô gia cái mông, nô gia cũng không để ý đến ngươi" />
<language name="CG7_talk_1" text="Đừng nói nữa, công tử mình bộ dáng cũng không khá hơn chút nào" />
<language name="CG7_talk_2" text="Hừ hừ... Ân —— Có thể một mực làm được hài lòng mới thôi" />
<language name="CG8_prop1_fire" text="A —— Ân đối, cứ như vậy, một mực nhìn lấy ta!" />
<language name="CG8_prop2_fire" text="A ta muốn cao triều, quan nhân ~ Lại ôm chặt ta một điểm" />
<language name="CG8_mml_1" text="Ân ~ Quả nhiên cùng mình sờ tới sờ lui cảm giác là không giống" />
<language name="CG8_mml_2" text="A ~ Có phải là chảy thật nhiều nước, giống như nghe thấy được" />
<language name="CG8_talk_1" text="Quan nhân sợ không phải chỉ là tại bắt ta làm trò cười thôi?" />
<language name="CG8_talk_2" text="Chậm một chút, a cảm thấy, tất cả đều tiến đến" />
<language name="CG9_prop1_fire" text="A —— Ân —— Quá lớn, bên trong chống đỡ tốt đầy ~" />
<language name="CG9_prop2_fire" text="Ân —— Công tử thật sự là, lấy tới nô gia trên thân khắp nơi đều là" />
<language name="CG9_mml_1" text="Tê —— Khí lực quá nặng đi, có một ít đau" />
<language name="CG9_mml_2" text="Ân? Sờ đầu một cái là muốn cho nô gia ngoan một chút sao?" />
<language name="CG9_talk_1" text="Nô gia khi nào hạ lưu, ngươi.. Chớ có lại nói dạng này lời vô vị" />
<language name="CG9_talk_2" text="Ngược lại là cũng không tệ lắm, chính là của ngươi khí lực thật sự là hơi lớn" />
<language name="CG10_prop1_fire" text="Ân —— A —— Tỷ.. Tỷ.. Ta có thể hôn hôn tỷ tỷ sao" />
<language name="CG10_mml_1" text="Hừ ~ Một mực quấn lấy ta không thả, cũng là bởi vì cái này?" />
<language name="CG10_mml_2" text="A đừng, thật là hư ~ Còn lén lút" />
<language name="CG10_mml_3" text="Đừng! Đập! Cũng nhẹ một chút mà, đau quá ~" />
<language name="CG10_mml_4" text="A, ân a —— Giống như, giống như có cái gì đồ vật chảy ra" />
<language name="CG10_talk_1" text="Nữ phải: Thế nào già nói loại này kỳ quái" />
<language name="CG10_talk_2" text="Nữ trái: Ân? Là ngươi.. Ngược lại là có thể suy nghĩ một chút" />
<language name="CGBoy1_1" text="Eo của ngươi tốt mảnh a, dễ dàng liền có thể bóp gãy dáng vẻ" />
<language name="CGBoy1_2" text="Gian phòng ngược lại là một mực dạng này a, cổ kính" />
<language name="CGBoy2_1" text="Tuyệt đại có giai nhân, u cư tại không cốc a" />
<language name="CGBoy2_2" text="Nương tử cái này dáng vẻ thiên kiều bách mị chỉ có thể để tại hạ nhìn thấy" />
<language name="CGBoy3_1" text="Hút thật chặt a, cảm giác đều không rút ra được" />
<language name="CGBoy3_2" text="Thế nào nhìn chằm chằm vào ta nhìn?" />
<language name="CGBoy4_1" text="Gọi như thế lớn tiếng, còn nói không thích" />
<language name="CGBoy4_2" text="Nương tử đưa tặng cái yếm, tại hạ liền nhận" />
<language name="CGBoy5_1" text="Cái này song bít tất bẩn mất" />
<language name="CGBoy5_2" text="Còn có hay không cái gì thích tư thế?" />
<language name="CGBoy6_1" text="Nương tử thật trắng a, mau nhìn chúng ta màu da khác biệt" />
<language name="CGBoy6_2" text="Cái này mùi thơm có phải là rất thích, lần sau lại mua đến tặng cho ngươi" />
<language name="CGBoy7_1" text="Nhìn xem trong gương mình hầu hạ nịnh nọt dáng vẻ" />
<language name="CGBoy7_2" text="Thích từ phía sau tiến vào sao?" />
<language name="CGBoy8_1" text="Vẫn cảm thấy nương tử rất xinh đẹp, quả nhiên ~" />
<language name="CGBoy8_2" text="Nương tử cũng thật là lợi hại, tất cả đều cắm đi vào" />
<language name="CGBoy9_1" text="Thật không nghĩ tới nương tử nhỏ nhắn xinh xắn thân thể, lại như thế hạ lưu" />
<language name="CGBoy9_2" text="Cái này tư thế nương tử cảm thấy nhưng thoải mái?" />
<language name="CGBoy10_1" text="Nữ trái: Ra sao, như thế nhanh liền bị ta chinh phục sao?" />
<language name="CGBoy10_2" text="Nữ phải: Lần sau lần sau! Tỷ tỷ cũng cho ta tới một lần đi ~" />


<language name="lge_game_instruction" text="Sử dụng con chuột kéo lấy nhân vật chính đến nhận chức ý toa xe sau, nhân vật chính sẽ tự động tiến hành chiến đấu. Chiến đấu bên trong nếu như nhân vật chính sức chiến đấu cao hơn địch nhân, thì sẽ thu hoạch địch nhân sức chiến đấu gia tăng với bản thân, như nhân vật chính sức chiến đấu thấp với địch nhân, thì chiến đấu thất bại!" />
<language name="Join_Us_Ds" text="Điểm kích gia nhập lovely games Bầy tổ, thu hoạch càng nhiều ngoài định mức nội dung, chúc ngài trò chơi vui sướng ~" />
<language name="Join_Us" text="Gia nhập" />
<language name="lge_Vertical_drawing" text="Lập vẽ" />
</languages>